"eeg0","eeg1","eeg2","eeg3"
67.0,91.0,39.0,40.0
54.0,90.0,60.0,35.0
93.0,100.0,25.0,53.0
87.0,88.0,60.0,87.0
64.0,74.0,2.0,94.0
89.0,48.0,86.0,56.0
60.0,16.0,33.0,84.0
2.0,87.0,93.0,34.0
75.0,93.0,14.0,91.0
6.0,0.0,80.0,77.0
91.0,47.0,3.0,25.0
15.0,57.0,32.0,60.0
52.0,22.0,92.0,19.0
79.0,45.0,2.0,76.0
7.0,95.0,55.0,44.0
88.0,68.0,67.0,57.0
54.0,61.0,3.0,61.0
55.0,14.0,61.0,99.0
98.0,17.0,52.0,55.0
17.0,35.0,1.0,12.0
38.0,17.0,56.0,81.0
77.0,1.0,21.0,23.0
78.0,9.0,16.0,4.0
98.0,98.0,39.0,21.0
82.0,73.0,21.0,59.0
56.0,22.0,51.0,39.0
24.0,89.0,79.0,94.0
69.0,88.0,4.0,44.0
30.0,44.0,46.0,37.0
0.0,83.0,9.0,37.0
48.0,37.0,94.0,55.0
92.0,70.0,74.0,37.0
82.0,99.0,63.0,74.0
3.0,12.0,70.0,30.0
67.0,60.0,31.0,68.0
69.0,45.0,11.0,27.0
34.0,84.0,36.0,89.0
25.0,84.0,17.0,1.0
87.0,70.0,65.0,52.0
54.0,16.0,9.0,5.0
36.0,84.0,48.0,64.0
6.0,34.0,2.0,6.0
66.0,21.0,98.0,50.0
9.0,84.0,17.0,71.0
60.0,82.0,33.0,57.0
60.0,33.0,0.0,56.0
67.0,34.0,5.0,72.0
17.0,22.0,61.0,21.0
30.0,68.0,79.0,93.0
60.0,74.0,97.0,70.0
74.0,4.0,28.0,73.0
53.0,62.0,24.0,79.0
45.0,28.0,76.0,49.0
79.0,83.0,97.0,54.0
40.0,85.0,10.0,67.0
63.0,25.0,50.0,51.0
68.0,25.0,18.0,26.0
75.0,52.0,80.0,8.0
18.0,54.0,26.0,43.0
91.0,37.0,83.0,77.0
49.0,85.0,52.0,72.0
55.0,7.0,2.0,96.0
0.0,93.0,85.0,9.0
20.0,48.0,85.0,59.0
93.0,15.0,54.0,4.0
54.0,93.0,43.0,94.0
26.0,87.0,44.0,38.0
73.0,68.0,44.0,93.0
81.0,7.0,17.0,78.0
93.0,73.0,43.0,23.0
19.0,85.0,97.0,13.0
72.0,40.0,73.0,12.0
51.0,17.0,52.0,36.0
10.0,57.0,92.0,50.0
74.0,80.0,72.0,85.0
37.0,3.0,70.0,58.0
13.0,38.0,4.0,23.0
58.0,92.0,21.0,31.0
42.0,84.0,91.0,26.0
14.0,55.0,55.0,56.0
94.0,14.0,67.0,87.0
75.0,28.0,23.0,66.0
37.0,31.0,66.0,81.0
98.0,27.0,9.0,73.0
94.0,96.0,97.0,37.0
89.0,46.0,31.0,49.0
85.0,48.0,76.0,98.0
3.0,92.0,85.0,29.0
87.0,92.0,29.0,20.0
16.0,64.0,45.0,3.0
18.0,23.0,64.0,18.0
3.0,25.0,35.0,23.0
72.0,8.0,21.0,56.0
76.0,85.0,91.0,24.0
40.0,58.0,54.0,88.0
15.0,84.0,23.0,73.0
51.0,19.0,66.0,3.0
77.0,42.0,44.0,8.0
28.0,3.0,38.0,92.0
66.0,72.0,37.0,78.0
95.0,90.0,93.0,68.0
95.0,3.0,83.0,78.0
72.0,41.0,22.0,62.0
79.0,30.0,84.0,84.0
58.0,25.0,54.0,45.0
17.0,23.0,85.0,41.0
8.0,80.0,84.0,65.0
12.0,45.0,54.0,100.0
65.0,41.0,86.0,64.0
71.0,72.0,65.0,84.0
28.0,63.0,78.0,95.0
92.0,0.0,27.0,6.0
60.0,21.0,81.0,36.0
15.0,99.0,17.0,82.0
36.0,42.0,90.0,53.0
74.0,47.0,13.0,70.0
55.0,22.0,83.0,16.0
80.0,81.0,40.0,72.0
61.0,86.0,83.0,55.0
35.0,41.0,45.0,35.0
9.0,47.0,12.0,13.0
49.0,32.0,91.0,29.0
33.0,55.0,11.0,32.0
93.0,26.0,35.0,55.0
71.0,71.0,37.0,95.0
61.0,59.0,49.0,64.0
73.0,78.0,76.0,60.0
9.0,60.0,83.0,43.0
70.0,96.0,6.0,13.0
63.0,2.0,20.0,19.0
56.0,10.0,99.0,78.0
100.0,52.0,19.0,42.0
21.0,86.0,69.0,85.0
45.0,91.0,43.0,23.0
37.0,97.0,54.0,25.0
62.0,1.0,44.0,6.0
16.0,26.0,99.0,41.0
7.0,2.0,77.0,54.0
18.0,22.0,18.0,21.0
42.0,40.0,89.0,55.0
85.0,31.0,90.0,39.0
54.0,17.0,46.0,76.0
46.0,56.0,44.0,76.0
51.0,42.0,12.0,90.0
63.0,22.0,58.0,98.0
71.0,54.0,62.0,30.0
76.0,52.0,12.0,99.0
5.0,42.0,92.0,23.0
8.0,98.0,73.0,14.0
30.0,34.0,69.0,69.0
96.0,84.0,48.0,28.0
0.0,18.0,12.0,99.0
75.0,86.0,43.0,69.0
41.0,35.0,65.0,97.0
58.0,88.0,7.0,7.0
40.0,0.0,95.0,78.0
9.0,74.0,34.0,6.0
57.0,5.0,81.0,77.0
28.0,64.0,36.0,57.0
13.0,65.0,82.0,65.0
96.0,2.0,27.0,16.0
75.0,73.0,58.0,54.0
15.0,54.0,64.0,83.0
6.0,80.0,35.0,90.0
4.0,97.0,28.0,58.0
17.0,80.0,77.0,57.0
60.0,85.0,73.0,58.0
84.0,10.0,44.0,17.0
19.0,6.0,93.0,1.0
70.0,69.0,75.0,15.0
75.0,88.0,11.0,97.0
31.0,11.0,44.0,96.0
32.0,38.0,13.0,13.0
83.0,91.0,21.0,52.0
25.0,27.0,65.0,29.0
90.0,43.0,34.0,87.0
26.0,28.0,26.0,3.0
57.0,2.0,3.0,83.0
71.0,13.0,30.0,49.0
1.0,90.0,53.0,64.0
95.0,15.0,22.0,70.0
82.0,99.0,94.0,41.0
68.0,24.0,98.0,13.0
5.0,63.0,66.0,15.0
54.0,70.0,42.0,64.0
22.0,59.0,16.0,31.0
63.0,71.0,100.0,10.0
4.0,36.0,95.0,98.0
73.0,0.0,55.0,36.0
8.0,78.0,21.0,32.0
53.0,37.0,38.0,66.0
59.0,35.0,91.0,42.0
18.0,3.0,21.0,16.0
50.0,16.0,85.0,47.0
34.0,1.0,16.0,26.0
50.0,78.0,9.0,81.0
38.0,64.0,93.0,42.0
95.0,49.0,52.0,48.0
69.0,4.0,62.0,62.0
33.0,70.0,64.0,7.0
67.0,98.0,4.0,8.0
21.0,66.0,60.0,18.0
42.0,23.0,31.0,68.0
69.0,59.0,99.0,13.0
26.0,51.0,37.0,34.0
55.0,72.0,59.0,32.0
83.0,50.0,14.0,13.0
66.0,62.0,92.0,42.0
38.0,86.0,35.0,12.0
17.0,51.0,58.0,23.0
49.0,91.0,81.0,94.0
42.0,51.0,61.0,0.0
20.0,80.0,51.0,60.0
37.0,65.0,31.0,50.0
49.0,83.0,19.0,38.0
12.0,89.0,51.0,18.0
11.0,7.0,29.0,28.0
71.0,88.0,47.0,75.0
37.0,68.0,79.0,95.0
41.0,16.0,52.0,22.0
94.0,87.0,25.0,70.0
39.0,92.0,16.0,51.0
54.0,99.0,14.0,43.0
39.0,96.0,84.0,57.0
38.0,32.0,88.0,48.0
42.0,21.0,65.0,13.0
68.0,68.0,12.0,58.0
96.0,5.0,69.0,28.0
75.0,97.0,67.0,85.0
71.0,24.0,81.0,34.0
51.0,59.0,67.0,0.0
40.0,30.0,48.0,74.0
98.0,32.0,38.0,41.0
23.0,100.0,48.0,56.0
55.0,49.0,77.0,79.0
73.0,92.0,79.0,16.0
47.0,63.0,6.0,43.0
84.0,81.0,24.0,72.0
89.0,100.0,28.0,9.0
67.0,99.0,85.0,69.0
76.0,74.0,87.0,84.0
79.0,8.0,95.0,70.0
75.0,55.0,66.0,29.0
26.0,23.0,76.0,53.0
60.0,99.0,72.0,61.0
29.0,6.0,97.0,4.0
42.0,33.0,72.0,60.0
98.0,54.0,87.0,6.0
23.0,82.0,7.0,83.0
72.0,73.0,82.0,100.0
63.0,97.0,27.0,25.0
51.0,16.0,30.0,22.0
86.0,4.0,4.0,56.0
85.0,82.0,79.0,64.0
53.0,77.0,48.0,53.0
20.0,44.0,85.0,86.0
89.0,29.0,66.0,30.0
29.0,60.0,29.0,26.0
62.0,30.0,19.0,11.0
63.0,83.0,57.0,34.0
81.0,53.0,53.0,38.0
41.0,10.0,30.0,19.0
29.0,98.0,73.0,92.0
74.0,44.0,42.0,8.0
33.0,22.0,34.0,70.0
69.0,80.0,45.0,68.0
63.0,56.0,27.0,3.0
8.0,93.0,48.0,69.0
31.0,96.0,93.0,45.0
49.0,96.0,61.0,19.0
38.0,43.0,21.0,36.0
87.0,100.0,42.0,20.0
78.0,47.0,2.0,12.0
34.0,36.0,70.0,95.0
90.0,28.0,25.0,89.0
79.0,48.0,94.0,52.0
87.0,31.0,69.0,2.0
3.0,99.0,81.0,79.0
10.0,15.0,0.0,54.0
41.0,96.0,16.0,21.0
80.0,23.0,70.0,65.0
39.0,24.0,9.0,5.0
48.0,9.0,62.0,42.0
41.0,6.0,63.0,55.0
26.0,14.0,33.0,15.0
22.0,24.0,93.0,2.0
3.0,64.0,42.0,88.0
67.0,33.0,21.0,37.0
56.0,80.0,17.0,43.0
46.0,48.0,49.0,82.0
66.0,72.0,44.0,72.0
25.0,49.0,86.0,12.0
56.0,21.0,63.0,84.0
64.0,5.0,52.0,40.0
36.0,34.0,56.0,16.0
62.0,54.0,33.0,62.0
5.0,15.0,45.0,74.0
33.0,33.0,79.0,39.0
61.0,11.0,30.0,66.0
85.0,77.0,49.0,92.0
38.0,10.0,47.0,65.0
31.0,30.0,32.0,40.0
30.0,58.0,6.0,13.0
28.0,11.0,61.0,19.0
67.0,77.0,59.0,69.0
51.0,32.0,79.0,62.0
14.0,18.0,92.0,46.0
34.0,31.0,86.0,15.0
96.0,88.0,74.0,7.0
52.0,92.0,93.0,94.0
53.0,59.0,92.0,95.0
79.0,59.0,38.0,37.0
45.0,67.0,96.0,17.0
74.0,41.0,6.0,91.0
31.0,63.0,85.0,33.0
57.0,36.0,77.0,69.0
65.0,80.0,52.0,51.0
11.0,34.0,74.0,91.0
95.0,94.0,94.0,34.0
11.0,96.0,78.0,50.0
49.0,54.0,67.0,22.0
54.0,66.0,13.0,22.0
49.0,17.0,54.0,73.0
44.0,66.0,78.0,56.0
8.0,33.0,60.0,92.0
65.0,70.0,96.0,41.0
71.0,64.0,21.0,38.0
72.0,78.0,0.0,56.0
90.0,85.0,63.0,71.0
28.0,58.0,93.0,29.0
75.0,43.0,71.0,25.0
17.0,46.0,5.0,22.0
17.0,97.0,93.0,52.0
1.0,30.0,13.0,12.0
36.0,89.0,16.0,62.0
24.0,97.0,75.0,80.0
68.0,38.0,82.0,49.0
49.0,1.0,4.0,8.0
18.0,69.0,90.0,76.0
30.0,87.0,70.0,89.0
60.0,46.0,6.0,25.0
50.0,44.0,65.0,90.0
29.0,55.0,78.0,12.0
72.0,6.0,37.0,88.0
42.0,67.0,7.0,23.0
72.0,54.0,32.0,36.0
3.0,8.0,83.0,50.0
43.0,82.0,50.0,19.0
54.0,7.0,47.0,5.0
88.0,14.0,65.0,82.0
75.0,19.0,94.0,8.0
88.0,66.0,81.0,100.0
21.0,50.0,47.0,83.0
57.0,8.0,33.0,85.0
8.0,36.0,43.0,50.0
90.0,72.0,81.0,14.0
81.0,74.0,82.0,77.0
37.0,75.0,33.0,52.0
59.0,10.0,17.0,51.0
70.0,70.0,7.0,1.0
54.0,90.0,38.0,33.0
29.0,99.0,38.0,94.0
57.0,37.0,64.0,26.0
85.0,87.0,21.0,30.0
20.0,86.0,90.0,99.0
93.0,30.0,48.0,74.0
61.0,3.0,77.0,100.0
30.0,42.0,46.0,18.0
79.0,85.0,10.0,3.0
23.0,24.0,100.0,24.0
60.0,38.0,7.0,81.0
20.0,80.0,100.0,28.0
46.0,26.0,57.0,45.0
75.0,8.0,5.0,98.0
22.0,63.0,78.0,15.0
43.0,82.0,47.0,39.0
8.0,50.0,64.0,75.0
65.0,24.0,80.0,16.0
24.0,76.0,76.0,46.0
9.0,31.0,7.0,62.0
83.0,13.0,20.0,73.0
61.0,76.0,47.0,35.0
30.0,47.0,16.0,50.0
91.0,28.0,26.0,96.0
17.0,90.0,20.0,49.0
63.0,26.0,15.0,73.0
14.0,51.0,80.0,83.0
0.0,16.0,89.0,60.0
10.0,41.0,54.0,42.0
79.0,78.0,86.0,34.0
73.0,11.0,74.0,89.0
19.0,32.0,27.0,72.0
90.0,92.0,65.0,63.0
16.0,37.0,4.0,86.0
71.0,48.0,89.0,94.0
98.0,38.0,33.0,69.0
0.0,47.0,45.0,32.0
43.0,54.0,15.0,86.0
100.0,45.0,46.0,67.0
23.0,77.0,29.0,12.0
76.0,91.0,34.0,39.0
34.0,40.0,28.0,0.0
78.0,42.0,11.0,81.0
0.0,29.0,67.0,23.0
92.0,77.0,85.0,83.0
22.0,85.0,92.0,60.0
28.0,90.0,70.0,61.0
22.0,9.0,62.0,25.0
46.0,89.0,93.0,38.0
38.0,89.0,65.0,39.0
83.0,12.0,46.0,44.0
23.0,24.0,20.0,50.0
23.0,70.0,57.0,62.0
98.0,8.0,16.0,25.0
88.0,32.0,100.0,33.0
9.0,75.0,95.0,54.0
93.0,99.0,52.0,71.0
10.0,18.0,61.0,16.0
21.0,69.0,92.0,84.0
84.0,44.0,42.0,49.0
89.0,19.0,0.0,73.0
91.0,48.0,26.0,11.0
78.0,25.0,95.0,86.0
8.0,40.0,61.0,51.0
84.0,91.0,25.0,31.0
96.0,70.0,67.0,68.0
19.0,75.0,55.0,58.0
67.0,52.0,80.0,0.0
49.0,86.0,94.0,30.0
47.0,71.0,93.0,90.0
58.0,100.0,20.0,54.0
38.0,92.0,94.0,67.0
84.0,70.0,30.0,11.0
34.0,63.0,100.0,84.0
13.0,37.0,53.0,3.0
31.0,88.0,69.0,66.0
19.0,40.0,65.0,49.0
45.0,22.0,65.0,67.0
55.0,83.0,61.0,39.0
23.0,50.0,98.0,87.0
99.0,13.0,97.0,79.0
95.0,9.0,96.0,0.0
91.0,58.0,58.0,89.0
77.0,36.0,60.0,79.0
42.0,3.0,12.0,44.0
5.0,54.0,45.0,32.0
97.0,26.0,51.0,79.0
4.0,1.0,86.0,93.0
3.0,5.0,5.0,33.0
68.0,73.0,32.0,44.0
39.0,98.0,7.0,37.0
38.0,73.0,45.0,86.0
99.0,32.0,53.0,71.0
91.0,91.0,65.0,81.0
18.0,8.0,41.0,75.0
72.0,2.0,82.0,6.0
35.0,93.0,63.0,26.0
96.0,77.0,67.0,81.0
33.0,59.0,41.0,55.0
63.0,9.0,96.0,62.0
20.0,71.0,31.0,73.0
63.0,66.0,29.0,64.0
79.0,55.0,50.0,54.0
41.0,93.0,36.0,19.0
22.0,89.0,23.0,72.0
89.0,28.0,76.0,1.0
33.0,42.0,2.0,16.0
96.0,80.0,80.0,80.0
48.0,93.0,64.0,85.0
9.0,75.0,61.0,17.0
100.0,66.0,40.0,30.0
13.0,40.0,22.0,93.0
57.0,89.0,42.0,76.0
18.0,55.0,60.0,18.0
86.0,92.0,15.0,74.0
95.0,12.0,22.0,28.0
55.0,56.0,98.0,53.0
65.0,92.0,36.0,60.0
92.0,46.0,44.0,47.0
56.0,2.0,4.0,27.0
45.0,15.0,98.0,43.0
100.0,39.0,4.0,42.0
90.0,72.0,50.0,100.0
45.0,31.0,33.0,61.0
31.0,38.0,96.0,21.0
10.0,68.0,65.0,66.0
26.0,18.0,21.0,99.0
45.0,33.0,37.0,10.0
8.0,21.0,22.0,89.0
52.0,16.0,41.0,50.0
69.0,79.0,80.0,18.0
12.0,78.0,68.0,48.0
92.0,88.0,4.0,47.0
72.0,59.0,14.0,45.0
63.0,3.0,6.0,64.0
7.0,91.0,95.0,51.0
81.0,13.0,39.0,34.0
63.0,42.0,14.0,96.0
64.0,60.0,56.0,78.0
19.0,68.0,2.0,26.0
36.0,56.0,69.0,42.0
54.0,91.0,6.0,43.0
47.0,7.0,67.0,82.0
71.0,77.0,12.0,27.0
91.0,38.0,19.0,21.0
47.0,79.0,83.0,18.0
78.0,6.0,13.0,79.0
8.0,87.0,79.0,94.0
1.0,1.0,17.0,82.0
21.0,18.0,64.0,61.0
66.0,80.0,71.0,34.0
38.0,41.0,97.0,74.0
28.0,80.0,10.0,23.0
11.0,56.0,0.0,94.0
86.0,21.0,71.0,38.0
22.0,19.0,30.0,48.0
57.0,52.0,99.0,7.0
54.0,30.0,31.0,12.0
13.0,75.0,94.0,38.0
99.0,38.0,33.0,1.0
22.0,66.0,62.0,17.0
68.0,22.0,75.0,14.0
77.0,26.0,0.0,54.0
40.0,21.0,99.0,65.0
63.0,27.0,50.0,9.0
80.0,7.0,69.0,94.0
62.0,18.0,28.0,37.0
84.0,11.0,67.0,44.0
95.0,31.0,89.0,21.0
49.0,94.0,94.0,46.0
7.0,19.0,35.0,16.0
31.0,66.0,26.0,100.0
2.0,51.0,94.0,81.0
36.0,76.0,95.0,69.0
96.0,52.0,98.0,4.0
64.0,57.0,52.0,19.0
12.0,97.0,37.0,35.0
64.0,61.0,37.0,37.0
93.0,30.0,57.0,34.0
34.0,43.0,6.0,84.0
69.0,64.0,84.0,92.0
44.0,74.0,68.0,38.0
62.0,36.0,0.0,20.0
43.0,2.0,43.0,6.0
59.0,22.0,100.0,8.0
66.0,21.0,27.0,21.0
27.0,65.0,95.0,61.0
65.0,94.0,99.0,21.0
9.0,32.0,59.0,92.0
16.0,21.0,58.0,36.0
78.0,64.0,33.0,53.0
24.0,3.0,67.0,80.0
8.0,0.0,1.0,44.0
65.0,38.0,24.0,18.0
84.0,95.0,52.0,47.0
44.0,78.0,51.0,71.0
56.0,42.0,78.0,96.0
2.0,52.0,54.0,27.0
70.0,60.0,94.0,92.0
20.0,42.0,60.0,42.0
74.0,6.0,84.0,52.0
98.0,31.0,47.0,52.0
0.0,8.0,97.0,71.0
18.0,56.0,17.0,26.0
6.0,77.0,75.0,67.0
94.0,32.0,21.0,21.0
53.0,40.0,56.0,32.0
46.0,47.0,77.0,48.0
93.0,60.0,48.0,75.0
19.0,61.0,3.0,92.0
75.0,55.0,52.0,56.0
49.0,9.0,35.0,95.0
99.0,49.0,73.0,35.0
19.0,62.0,94.0,75.0
81.0,36.0,91.0,18.0
86.0,47.0,78.0,0.0
1.0,70.0,8.0,45.0
55.0,92.0,13.0,63.0
58.0,75.0,75.0,45.0
42.0,56.0,66.0,32.0
9.0,11.0,21.0,74.0
56.0,36.0,31.0,18.0
76.0,69.0,15.0,13.0
21.0,65.0,40.0,98.0
12.0,67.0,23.0,52.0
45.0,62.0,22.0,24.0
39.0,60.0,14.0,31.0
62.0,92.0,70.0,76.0
92.0,53.0,93.0,8.0
94.0,67.0,43.0,66.0
40.0,75.0,49.0,36.0
87.0,24.0,39.0,87.0
42.0,69.0,51.0,16.0
11.0,15.0,63.0,4.0
80.0,43.0,8.0,96.0
67.0,98.0,23.0,29.0
18.0,33.0,5.0,64.0
50.0,18.0,80.0,58.0
79.0,30.0,14.0,47.0
32.0,75.0,77.0,59.0
45.0,21.0,52.0,60.0
55.0,97.0,1.0,81.0
67.0,3.0,3.0,95.0
82.0,48.0,64.0,86.0
79.0,39.0,78.0,83.0
47.0,6.0,60.0,36.0
25.0,46.0,29.0,11.0
89.0,71.0,3.0,48.0
56.0,13.0,86.0,73.0
86.0,90.0,83.0,69.0
43.0,93.0,67.0,7.0
61.0,15.0,49.0,51.0
18.0,68.0,1.0,29.0
80.0,17.0,84.0,16.0
20.0,44.0,22.0,3.0
11.0,94.0,31.0,82.0
74.0,36.0,14.0,80.0
40.0,2.0,28.0,23.0
70.0,5.0,45.0,23.0
76.0,2.0,68.0,36.0
74.0,80.0,50.0,18.0
57.0,18.0,82.0,21.0
3.0,79.0,60.0,97.0
63.0,33.0,48.0,22.0
80.0,2.0,33.0,93.0
81.0,58.0,66.0,95.0
89.0,86.0,5.0,83.0
34.0,67.0,18.0,48.0
77.0,93.0,35.0,39.0
83.0,86.0,1.0,38.0
89.0,21.0,42.0,16.0
55.0,67.0,19.0,82.0
60.0,87.0,80.0,75.0
40.0,86.0,46.0,92.0
21.0,39.0,31.0,87.0
55.0,25.0,53.0,89.0
72.0,15.0,29.0,54.0
15.0,5.0,31.0,65.0
61.0,75.0,71.0,78.0
14.0,66.0,88.0,98.0
19.0,8.0,8.0,41.0
96.0,81.0,60.0,60.0
83.0,6.0,65.0,84.0
2.0,73.0,33.0,62.0
62.0,9.0,50.0,29.0
3.0,54.0,94.0,13.0
25.0,82.0,52.0,39.0
5.0,8.0,80.0,29.0
57.0,74.0,26.0,18.0
97.0,1.0,56.0,86.0
32.0,60.0,57.0,5.0
6.0,88.0,32.0,9.0
27.0,50.0,28.0,95.0
2.0,83.0,98.0,88.0
8.0,81.0,74.0,3.0
99.0,69.0,47.0,33.0
35.0,68.0,73.0,57.0
65.0,41.0,49.0,41.0
71.0,4.0,5.0,4.0
61.0,88.0,73.0,57.0
39.0,14.0,9.0,78.0
31.0,85.0,53.0,41.0
40.0,75.0,2.0,89.0
9.0,9.0,49.0,18.0
60.0,48.0,16.0,94.0
79.0,89.0,28.0,64.0
36.0,26.0,37.0,16.0
83.0,54.0,43.0,33.0
60.0,21.0,23.0,7.0
79.0,17.0,89.0,81.0
30.0,83.0,100.0,20.0
76.0,92.0,84.0,55.0
62.0,98.0,4.0,78.0
82.0,69.0,39.0,56.0
86.0,77.0,12.0,32.0
81.0,43.0,17.0,34.0
20.0,77.0,5.0,100.0
9.0,28.0,22.0,53.0
68.0,1.0,2.0,0.0
39.0,36.0,96.0,54.0
8.0,50.0,56.0,47.0
72.0,67.0,81.0,36.0
22.0,26.0,3.0,52.0
13.0,0.0,12.0,52.0
33.0,93.0,47.0,11.0
51.0,44.0,80.0,71.0
50.0,22.0,22.0,47.0
12.0,48.0,37.0,9.0
22.0,74.0,62.0,13.0
26.0,17.0,76.0,51.0
14.0,24.0,89.0,26.0
76.0,100.0,93.0,83.0
96.0,23.0,57.0,13.0
0.0,91.0,21.0,87.0
91.0,43.0,95.0,60.0
67.0,30.0,6.0,76.0
13.0,27.0,41.0,51.0
51.0,18.0,34.0,47.0
95.0,27.0,82.0,75.0
57.0,13.0,43.0,61.0
31.0,55.0,20.0,60.0
76.0,62.0,63.0,7.0
14.0,47.0,91.0,66.0
26.0,0.0,41.0,58.0
39.0,76.0,94.0,72.0
93.0,15.0,60.0,57.0
18.0,18.0,1.0,73.0
21.0,89.0,54.0,19.0
81.0,32.0,30.0,42.0
27.0,43.0,63.0,22.0
35.0,50.0,43.0,51.0
24.0,33.0,25.0,48.0
55.0,50.0,78.0,23.0
32.0,55.0,90.0,59.0
14.0,7.0,8.0,31.0
23.0,24.0,22.0,37.0
49.0,43.0,0.0,72.0
93.0,66.0,9.0,63.0
76.0,55.0,91.0,34.0
36.0,49.0,82.0,94.0
86.0,18.0,91.0,75.0
3.0,33.0,10.0,73.0
91.0,96.0,64.0,62.0
18.0,30.0,99.0,8.0
27.0,26.0,8.0,64.0
74.0,97.0,34.0,61.0
2.0,14.0,34.0,34.0
38.0,76.0,46.0,94.0
21.0,22.0,36.0,36.0
9.0,60.0,30.0,20.0
91.0,3.0,43.0,59.0
16.0,100.0,2.0,36.0
4.0,21.0,0.0,93.0
88.0,39.0,91.0,67.0
74.0,24.0,62.0,21.0
13.0,12.0,90.0,83.0
36.0,31.0,42.0,73.0
6.0,9.0,17.0,6.0
72.0,43.0,58.0,9.0
49.0,77.0,48.0,78.0
68.0,27.0,24.0,73.0
74.0,51.0,21.0,28.0
45.0,16.0,81.0,72.0
58.0,23.0,21.0,87.0
100.0,80.0,63.0,6.0
44.0,87.0,58.0,82.0
61.0,33.0,24.0,73.0
40.0,40.0,27.0,17.0
16.0,2.0,23.0,85.0
64.0,91.0,20.0,88.0
46.0,75.0,35.0,87.0
10.0,80.0,26.0,91.0
22.0,13.0,65.0,39.0
87.0,90.0,15.0,63.0
36.0,47.0,44.0,35.0
16.0,86.0,11.0,63.0
74.0,68.0,64.0,28.0
7.0,74.0,67.0,53.0
25.0,72.0,29.0,65.0
6.0,78.0,23.0,97.0
37.0,70.0,62.0,60.0
94.0,61.0,50.0,79.0
89.0,93.0,53.0,58.0
18.0,61.0,79.0,65.0
71.0,81.0,60.0,17.0
81.0,26.0,62.0,63.0
71.0,9.0,4.0,55.0
4.0,14.0,15.0,62.0
14.0,85.0,45.0,54.0
24.0,66.0,77.0,90.0
11.0,33.0,31.0,47.0
69.0,72.0,2.0,19.0
39.0,44.0,55.0,85.0
92.0,59.0,45.0,92.0
28.0,84.0,37.0,20.0
87.0,61.0,91.0,3.0
3.0,79.0,57.0,70.0
42.0,51.0,64.0,40.0
18.0,67.0,37.0,21.0
79.0,66.0,87.0,97.0
33.0,2.0,38.0,94.0
3.0,49.0,90.0,39.0
25.0,19.0,19.0,63.0
7.0,36.0,28.0,48.0
70.0,45.0,40.0,10.0
74.0,58.0,19.0,97.0
3.0,46.0,87.0,51.0
13.0,0.0,64.0,30.0
49.0,47.0,68.0,63.0
33.0,68.0,0.0,66.0
28.0,83.0,22.0,44.0
26.0,1.0,45.0,69.0
11.0,59.0,84.0,48.0
99.0,14.0,83.0,98.0
19.0,100.0,61.0,61.0
78.0,100.0,88.0,2.0
26.0,24.0,39.0,56.0
7.0,45.0,12.0,75.0
87.0,50.0,66.0,14.0
57.0,11.0,91.0,28.0
67.0,27.0,58.0,27.0
44.0,35.0,68.0,55.0
7.0,34.0,21.0,93.0
43.0,17.0,95.0,61.0
92.0,7.0,46.0,64.0
51.0,93.0,25.0,99.0
84.0,77.0,45.0,97.0
23.0,68.0,58.0,56.0
74.0,7.0,33.0,81.0
95.0,55.0,94.0,36.0
35.0,18.0,42.0,96.0
30.0,57.0,45.0,26.0
5.0,9.0,96.0,1.0
73.0,17.0,93.0,12.0
41.0,63.0,68.0,79.0
29.0,26.0,19.0,40.0
20.0,54.0,74.0,88.0
87.0,4.0,69.0,34.0
31.0,100.0,31.0,11.0
2.0,49.0,0.0,95.0
75.0,57.0,54.0,100.0
53.0,49.0,28.0,20.0
57.0,39.0,23.0,4.0
56.0,85.0,16.0,96.0
21.0,66.0,34.0,91.0
52.0,47.0,23.0,59.0
33.0,26.0,59.0,52.0
87.0,53.0,13.0,97.0
10.0,75.0,55.0,63.0
58.0,98.0,100.0,24.0
59.0,97.0,40.0,43.0
19.0,72.0,62.0,3.0
65.0,92.0,46.0,59.0
55.0,49.0,44.0,55.0
60.0,7.0,17.0,31.0
29.0,77.0,5.0,10.0
49.0,27.0,50.0,91.0
64.0,69.0,68.0,6.0
26.0,5.0,27.0,76.0
66.0,68.0,70.0,72.0
42.0,12.0,26.0,71.0
98.0,33.0,0.0,3.0
84.0,92.0,45.0,40.0
90.0,14.0,43.0,38.0
90.0,28.0,86.0,27.0
88.0,7.0,4.0,13.0
20.0,77.0,29.0,79.0
92.0,16.0,2.0,1.0
29.0,87.0,59.0,82.0
6.0,11.0,7.0,33.0
15.0,45.0,58.0,52.0
39.0,42.0,15.0,48.0
49.0,38.0,26.0,77.0
25.0,74.0,66.0,25.0
83.0,9.0,51.0,99.0
16.0,17.0,96.0,10.0
37.0,8.0,76.0,48.0
64.0,31.0,47.0,8.0
67.0,90.0,97.0,95.0
12.0,12.0,19.0,6.0
53.0,62.0,79.0,74.0
89.0,99.0,84.0,38.0
25.0,90.0,73.0,69.0
83.0,46.0,25.0,25.0
43.0,38.0,21.0,59.0
67.0,21.0,77.0,11.0
39.0,81.0,43.0,43.0
11.0,3.0,17.0,79.0
36.0,29.0,20.0,74.0
80.0,7.0,35.0,48.0
81.0,71.0,87.0,70.0
72.0,49.0,27.0,94.0
85.0,34.0,24.0,16.0
86.0,85.0,44.0,11.0
25.0,52.0,100.0,33.0
30.0,87.0,64.0,86.0
98.0,69.0,16.0,37.0
25.0,15.0,32.0,35.0
87.0,33.0,11.0,95.0
75.0,88.0,28.0,87.0
62.0,53.0,81.0,40.0
38.0,11.0,63.0,69.0
92.0,74.0,24.0,6.0
100.0,73.0,1.0,30.0
31.0,59.0,41.0,21.0
45.0,19.0,60.0,100.0
56.0,4.0,46.0,41.0
98.0,14.0,53.0,97.0
70.0,28.0,43.0,39.0
31.0,40.0,20.0,29.0
12.0,76.0,49.0,83.0
56.0,91.0,4.0,39.0
71.0,48.0,58.0,37.0
65.0,8.0,99.0,8.0
100.0,16.0,59.0,39.0
73.0,69.0,51.0,96.0
17.0,52.0,27.0,16.0
48.0,67.0,82.0,38.0
11.0,28.0,83.0,33.0
29.0,54.0,7.0,96.0
98.0,11.0,7.0,96.0
36.0,88.0,40.0,49.0
76.0,6.0,69.0,42.0
80.0,29.0,82.0,98.0
95.0,0.0,53.0,9.0
60.0,20.0,36.0,5.0
57.0,92.0,19.0,10.0
68.0,29.0,61.0,69.0
36.0,66.0,15.0,59.0
57.0,31.0,35.0,6.0
20.0,36.0,45.0,97.0
91.0,16.0,74.0,97.0
15.0,56.0,87.0,72.0
9.0,95.0,96.0,21.0
38.0,35.0,100.0,64.0
63.0,3.0,59.0,47.0
48.0,93.0,18.0,99.0
56.0,20.0,10.0,87.0
11.0,80.0,30.0,18.0
58.0,73.0,47.0,59.0
62.0,71.0,94.0,93.0
59.0,18.0,11.0,73.0
64.0,56.0,69.0,33.0
2.0,24.0,98.0,29.0
64.0,72.0,52.0,2.0
0.0,86.0,53.0,2.0
47.0,57.0,96.0,57.0
69.0,47.0,62.0,44.0
66.0,50.0,10.0,36.0
49.0,4.0,3.0,42.0
43.0,58.0,45.0,83.0
9.0,68.0,19.0,39.0
28.0,14.0,73.0,87.0
45.0,45.0,52.0,32.0
13.0,27.0,98.0,5.0
13.0,80.0,97.0,30.0
61.0,15.0,56.0,11.0
50.0,91.0,89.0,47.0
76.0,37.0,61.0,45.0
4.0,50.0,6.0,11.0
92.0,77.0,22.0,40.0
71.0,18.0,90.0,83.0
19.0,97.0,31.0,61.0
22.0,57.0,88.0,53.0
96.0,66.0,29.0,66.0
46.0,97.0,35.0,90.0
10.0,75.0,46.0,53.0
30.0,87.0,63.0,24.0
21.0,92.0,67.0,33.0
89.0,92.0,7.0,55.0
34.0,39.0,84.0,50.0
72.0,15.0,97.0,54.0
52.0,10.0,40.0,10.0
35.0,18.0,35.0,43.0
22.0,27.0,47.0,34.0
67.0,6.0,33.0,62.0
16.0,54.0,97.0,65.0
91.0,2.0,79.0,86.0
24.0,6.0,12.0,99.0
56.0,35.0,45.0,62.0
68.0,32.0,85.0,97.0
9.0,58.0,75.0,3.0
40.0,18.0,1.0,55.0
15.0,51.0,48.0,0.0
18.0,91.0,56.0,27.0
11.0,26.0,21.0,35.0
38.0,14.0,42.0,35.0
5.0,18.0,80.0,84.0
23.0,69.0,25.0,31.0
75.0,16.0,43.0,13.0
85.0,90.0,79.0,34.0
18.0,42.0,18.0,44.0
19.0,32.0,4.0,75.0
57.0,31.0,19.0,54.0
52.0,18.0,33.0,86.0
91.0,96.0,92.0,17.0
84.0,90.0,5.0,58.0
42.0,4.0,14.0,28.0
77.0,67.0,93.0,73.0
33.0,13.0,30.0,76.0
87.0,68.0,98.0,46.0
38.0,48.0,70.0,82.0
99.0,95.0,18.0,99.0
87.0,91.0,6.0,59.0
72.0,88.0,82.0,94.0
78.0,26.0,27.0,68.0
28.0,33.0,74.0,27.0
48.0,1.0,58.0,16.0
15.0,33.0,83.0,27.0
18.0,4.0,71.0,78.0
28.0,59.0,70.0,52.0
26.0,37.0,38.0,61.0
81.0,4.0,84.0,1.0
61.0,25.0,56.0,27.0
2.0,62.0,85.0,20.0
61.0,1.0,52.0,11.0
62.0,44.0,90.0,42.0
97.0,60.0,49.0,96.0
75.0,92.0,4.0,90.0
81.0,35.0,18.0,71.0
33.0,77.0,58.0,47.0
19.0,76.0,55.0,25.0
55.0,37.0,95.0,16.0
13.0,17.0,44.0,0.0
27.0,78.0,61.0,73.0
76.0,47.0,35.0,19.0
2.0,9.0,58.0,71.0
91.0,81.0,98.0,91.0
84.0,86.0,26.0,27.0
33.0,60.0,1.0,67.0
77.0,22.0,74.0,69.0
96.0,22.0,7.0,59.0
77.0,12.0,98.0,23.0
37.0,21.0,3.0,41.0
7.0,100.0,97.0,48.0
35.0,73.0,97.0,56.0
63.0,42.0,88.0,78.0
42.0,49.0,74.0,76.0
86.0,27.0,55.0,15.0
97.0,43.0,64.0,17.0
15.0,97.0,83.0,69.0
33.0,34.0,56.0,0.0
50.0,40.0,26.0,54.0
1.0,44.0,24.0,75.0
57.0,88.0,87.0,20.0
81.0,53.0,6.0,83.0
87.0,69.0,60.0,85.0
69.0,17.0,58.0,11.0
8.0,92.0,85.0,79.0
82.0,57.0,47.0,9.0
26.0,12.0,0.0,25.0
67.0,57.0,53.0,64.0
64.0,70.0,3.0,27.0
70.0,24.0,48.0,16.0
31.0,30.0,100.0,72.0
82.0,13.0,61.0,55.0
36.0,4.0,3.0,47.0
55.0,75.0,31.0,73.0
15.0,31.0,48.0,78.0
92.0,58.0,91.0,0.0
14.0,98.0,42.0,18.0
84.0,88.0,3.0,88.0
77.0,69.0,31.0,37.0
43.0,15.0,87.0,41.0
78.0,77.0,19.0,23.0
6.0,7.0,60.0,57.0
87.0,46.0,94.0,93.0
60.0,81.0,36.0,41.0
5.0,61.0,99.0,2.0
58.0,74.0,3.0,13.0
86.0,2.0,47.0,74.0
99.0,47.0,96.0,3.0
85.0,64.0,14.0,42.0
74.0,20.0,32.0,88.0
95.0,38.0,48.0,8.0
4.0,32.0,91.0,36.0
30.0,69.0,2.0,80.0
21.0,53.0,77.0,45.0
59.0,29.0,53.0,22.0
97.0,50.0,100.0,3.0
39.0,54.0,46.0,74.0
39.0,75.0,99.0,91.0
94.0,39.0,14.0,9.0
93.0,3.0,56.0,71.0
0.0,71.0,44.0,76.0
52.0,34.0,12.0,92.0
71.0,67.0,24.0,25.0
27.0,34.0,3.0,48.0
79.0,12.0,22.0,48.0
78.0,13.0,68.0,73.0
90.0,39.0,66.0,38.0
51.0,80.0,88.0,76.0
37.0,51.0,34.0,22.0
75.0,8.0,95.0,83.0
84.0,70.0,52.0,41.0
87.0,66.0,89.0,14.0
59.0,93.0,30.0,30.0
27.0,68.0,77.0,94.0
68.0,68.0,30.0,59.0
86.0,4.0,79.0,75.0
83.0,97.0,39.0,47.0
53.0,54.0,56.0,60.0
59.0,66.0,25.0,23.0
77.0,0.0,31.0,3.0
37.0,16.0,25.0,76.0
64.0,86.0,91.0,65.0
100.0,86.0,34.0,25.0
4.0,92.0,2.0,43.0
17.0,93.0,95.0,71.0
60.0,32.0,88.0,65.0
53.0,21.0,27.0,45.0
68.0,97.0,30.0,9.0
59.0,73.0,74.0,98.0
26.0,85.0,45.0,67.0
12.0,38.0,2.0,68.0
82.0,73.0,33.0,37.0
80.0,74.0,77.0,37.0
88.0,84.0,34.0,82.0
51.0,11.0,3.0,55.0
34.0,29.0,33.0,94.0
56.0,0.0,6.0,43.0
66.0,38.0,41.0,55.0
35.0,69.0,49.0,90.0
57.0,36.0,37.0,45.0
21.0,73.0,21.0,33.0
61.0,84.0,27.0,77.0
13.0,38.0,47.0,41.0
54.0,40.0,30.0,59.0
68.0,60.0,91.0,79.0
90.0,92.0,44.0,71.0
61.0,30.0,18.0,92.0
55.0,89.0,88.0,8.0
2.0,51.0,68.0,71.0
24.0,21.0,29.0,19.0
3.0,46.0,87.0,94.0
0.0,43.0,76.0,72.0
77.0,16.0,5.0,26.0
71.0,11.0,48.0,1.0
84.0,63.0,85.0,11.0
39.0,12.0,28.0,68.0
21.0,88.0,57.0,2.0
10.0,74.0,80.0,3.0
54.0,3.0,86.0,15.0
91.0,45.0,95.0,27.0
86.0,24.0,47.0,73.0
44.0,50.0,34.0,64.0
80.0,34.0,86.0,62.0
66.0,57.0,58.0,87.0
2.0,69.0,48.0,13.0
81.0,98.0,69.0,91.0
97.0,43.0,98.0,77.0
1.0,33.0,53.0,24.0
63.0,67.0,5.0,19.0
41.0,69.0,7.0,60.0
41.0,52.0,41.0,68.0
28.0,13.0,79.0,53.0
79.0,51.0,51.0,80.0
54.0,99.0,64.0,15.0
33.0,10.0,60.0,55.0
89.0,89.0,27.0,88.0
14.0,38.0,79.0,65.0
21.0,54.0,15.0,26.0
54.0,72.0,48.0,37.0
8.0,64.0,60.0,55.0
52.0,26.0,90.0,50.0
86.0,47.0,13.0,38.0
58.0,66.0,77.0,99.0
63.0,89.0,65.0,82.0
4.0,45.0,32.0,55.0
65.0,45.0,25.0,91.0
81.0,61.0,52.0,12.0
41.0,5.0,69.0,5.0
73.0,84.0,67.0,5.0
24.0,79.0,48.0,74.0
80.0,48.0,70.0,58.0
28.0,38.0,88.0,29.0
12.0,57.0,68.0,30.0
82.0,24.0,31.0,72.0
38.0,16.0,45.0,17.0
59.0,18.0,85.0,61.0
24.0,79.0,59.0,8.0
35.0,43.0,80.0,19.0
68.0,62.0,88.0,46.0
18.0,96.0,73.0,34.0
71.0,10.0,90.0,6.0
1.0,13.0,54.0,82.0
18.0,66.0,39.0,74.0
8.0,35.0,75.0,50.0
26.0,40.0,20.0,70.0
42.0,39.0,52.0,63.0
18.0,31.0,64.0,23.0
37.0,63.0,58.0,4.0
70.0,97.0,21.0,65.0
67.0,28.0,4.0,52.0
51.0,71.0,44.0,91.0
41.0,27.0,73.0,76.0
52.0,54.0,14.0,1.0
5.0,41.0,14.0,60.0
93.0,0.0,18.0,39.0
41.0,13.0,85.0,56.0
26.0,15.0,41.0,49.0
27.0,6.0,87.0,55.0
0.0,35.0,69.0,89.0
60.0,11.0,65.0,55.0
4.0,61.0,73.0,56.0
81.0,34.0,19.0,94.0
19.0,32.0,12.0,17.0
18.0,63.0,3.0,16.0
65.0,74.0,95.0,31.0
52.0,41.0,77.0,50.0
1.0,63.0,63.0,36.0
84.0,68.0,26.0,14.0
2.0,52.0,57.0,47.0
70.0,27.0,16.0,61.0
90.0,41.0,62.0,17.0
29.0,89.0,81.0,49.0
47.0,55.0,48.0,56.0
100.0,84.0,93.0,70.0
66.0,33.0,73.0,24.0
92.0,96.0,24.0,6.0
45.0,49.0,4.0,59.0
58.0,83.0,1.0,48.0
32.0,49.0,38.0,83.0
99.0,61.0,100.0,79.0
55.0,27.0,100.0,93.0
28.0,72.0,6.0,47.0
43.0,11.0,87.0,2.0
76.0,62.0,1.0,55.0
37.0,25.0,72.0,16.0
77.0,37.0,6.0,68.0
37.0,50.0,76.0,41.0
77.0,95.0,73.0,6.0
60.0,40.0,60.0,15.0
74.0,44.0,4.0,74.0
11.0,61.0,51.0,57.0
85.0,100.0,39.0,20.0
54.0,40.0,68.0,8.0
43.0,31.0,96.0,22.0
36.0,53.0,66.0,77.0
9.0,100.0,73.0,77.0
27.0,86.0,7.0,100.0
77.0,92.0,93.0,23.0
22.0,18.0,52.0,21.0
70.0,95.0,95.0,34.0
76.0,38.0,39.0,39.0
92.0,87.0,2.0,79.0
32.0,60.0,95.0,64.0
30.0,72.0,26.0,38.0
75.0,0.0,2.0,41.0
90.0,49.0,41.0,38.0
60.0,98.0,36.0,2.0
45.0,17.0,37.0,46.0
6.0,56.0,87.0,48.0
43.0,21.0,5.0,29.0
5.0,61.0,7.0,3.0
31.0,74.0,41.0,25.0
90.0,9.0,7.0,71.0
46.0,29.0,49.0,48.0
40.0,88.0,45.0,48.0
84.0,35.0,16.0,57.0
39.0,84.0,52.0,69.0
81.0,2.0,7.0,91.0
63.0,14.0,56.0,45.0
6.0,53.0,47.0,13.0
54.0,19.0,42.0,46.0
91.0,37.0,22.0,26.0
40.0,80.0,75.0,8.0
16.0,64.0,10.0,27.0
51.0,44.0,91.0,91.0
34.0,67.0,17.0,14.0
11.0,94.0,53.0,21.0
15.0,15.0,89.0,74.0
60.0,41.0,85.0,54.0
65.0,48.0,73.0,3.0
13.0,69.0,50.0,95.0
50.0,7.0,68.0,86.0
57.0,96.0,1.0,53.0
68.0,26.0,50.0,32.0
68.0,89.0,19.0,85.0
96.0,93.0,79.0,6.0
48.0,98.0,68.0,81.0
54.0,30.0,44.0,26.0
62.0,29.0,42.0,43.0
30.0,66.0,67.0,41.0
14.0,11.0,56.0,56.0
95.0,60.0,31.0,9.0
52.0,5.0,100.0,7.0
49.0,94.0,90.0,59.0
11.0,50.0,11.0,48.0
36.0,25.0,16.0,25.0
95.0,41.0,70.0,90.0
17.0,52.0,87.0,47.0
17.0,51.0,54.0,51.0
84.0,39.0,1.0,51.0
59.0,38.0,47.0,80.0
78.0,38.0,28.0,7.0
59.0,11.0,52.0,25.0
65.0,51.0,62.0,47.0
15.0,54.0,44.0,31.0
38.0,100.0,20.0,10.0
42.0,46.0,93.0,2.0
73.0,94.0,61.0,41.0
68.0,49.0,92.0,59.0
82.0,16.0,24.0,97.0
29.0,81.0,48.0,47.0
25.0,41.0,30.0,29.0
85.0,78.0,92.0,26.0
82.0,72.0,17.0,14.0
42.0,80.0,11.0,82.0
82.0,20.0,19.0,24.0
0.0,56.0,76.0,25.0
99.0,26.0,0.0,84.0
73.0,50.0,28.0,43.0
59.0,1.0,61.0,59.0
17.0,59.0,94.0,96.0
66.0,48.0,20.0,57.0
20.0,6.0,86.0,91.0
35.0,13.0,26.0,5.0
80.0,14.0,69.0,73.0
83.0,86.0,7.0,54.0
20.0,47.0,63.0,28.0
22.0,6.0,78.0,49.0
37.0,94.0,99.0,89.0
4.0,98.0,73.0,59.0
12.0,55.0,53.0,66.0
83.0,72.0,95.0,17.0
44.0,17.0,2.0,11.0
41.0,23.0,62.0,7.0
39.0,56.0,97.0,3.0
27.0,65.0,14.0,0.0
31.0,56.0,56.0,95.0
44.0,40.0,19.0,39.0
37.0,24.0,31.0,47.0
60.0,99.0,98.0,51.0
36.0,39.0,40.0,62.0
96.0,23.0,40.0,1.0
29.0,33.0,81.0,92.0
91.0,29.0,5.0,46.0
95.0,81.0,98.0,31.0
97.0,73.0,68.0,45.0
20.0,12.0,61.0,97.0
21.0,29.0,99.0,9.0
89.0,43.0,79.0,36.0
3.0,66.0,46.0,82.0
1.0,49.0,84.0,41.0
85.0,28.0,25.0,34.0
8.0,87.0,35.0,88.0
83.0,54.0,87.0,48.0
95.0,38.0,72.0,21.0
89.0,52.0,76.0,18.0
98.0,26.0,54.0,78.0
61.0,99.0,88.0,14.0
19.0,20.0,99.0,88.0
43.0,23.0,92.0,19.0
6.0,100.0,46.0,86.0
29.0,35.0,74.0,85.0
10.0,62.0,67.0,54.0
47.0,41.0,27.0,86.0
38.0,58.0,22.0,48.0
12.0,84.0,68.0,13.0
2.0,9.0,58.0,63.0
21.0,90.0,75.0,95.0
29.0,56.0,15.0,23.0
17.0,10.0,45.0,22.0
48.0,1.0,84.0,5.0
35.0,30.0,77.0,18.0
13.0,36.0,27.0,83.0
84.0,5.0,99.0,85.0
82.0,91.0,38.0,52.0
27.0,5.0,49.0,15.0
7.0,63.0,22.0,85.0
74.0,14.0,36.0,54.0
64.0,20.0,72.0,11.0
99.0,18.0,32.0,52.0
26.0,16.0,29.0,24.0
21.0,93.0,10.0,79.0
27.0,21.0,12.0,45.0
73.0,87.0,16.0,2.0
32.0,36.0,36.0,97.0
100.0,19.0,1.0,23.0
18.0,33.0,71.0,24.0
40.0,1.0,85.0,60.0
74.0,28.0,57.0,16.0
61.0,57.0,59.0,38.0
74.0,79.0,95.0,49.0
91.0,34.0,63.0,95.0
54.0,46.0,42.0,8.0
25.0,83.0,66.0,12.0
92.0,13.0,17.0,46.0
69.0,12.0,78.0,13.0
57.0,76.0,77.0,40.0
9.0,7.0,18.0,54.0
5.0,41.0,65.0,97.0
59.0,2.0,16.0,38.0
26.0,88.0,7.0,12.0
100.0,86.0,6.0,5.0
91.0,70.0,42.0,81.0
63.0,61.0,58.0,84.0
78.0,95.0,54.0,53.0
11.0,47.0,97.0,77.0
3.0,60.0,13.0,29.0
13.0,64.0,91.0,5.0
48.0,36.0,74.0,89.0
80.0,44.0,26.0,76.0
88.0,57.0,3.0,85.0
51.0,53.0,72.0,100.0
67.0,32.0,27.0,10.0
68.0,35.0,47.0,12.0
13.0,8.0,42.0,99.0
61.0,21.0,30.0,71.0
27.0,77.0,45.0,82.0
29.0,67.0,5.0,54.0
25.0,97.0,91.0,81.0
20.0,63.0,21.0,35.0
53.0,2.0,100.0,90.0
15.0,36.0,96.0,53.0
61.0,21.0,84.0,2.0
12.0,61.0,25.0,36.0
88.0,37.0,58.0,59.0
22.0,74.0,66.0,7.0
55.0,78.0,42.0,77.0
41.0,100.0,61.0,65.0
55.0,17.0,4.0,57.0
28.0,85.0,35.0,70.0
89.0,19.0,18.0,74.0
95.0,98.0,75.0,19.0
2.0,62.0,79.0,48.0
99.0,17.0,41.0,77.0
95.0,99.0,84.0,14.0
100.0,33.0,88.0,59.0
12.0,76.0,3.0,70.0
36.0,15.0,43.0,8.0
17.0,75.0,88.0,55.0
98.0,27.0,96.0,41.0
77.0,85.0,41.0,76.0
39.0,3.0,0.0,75.0
75.0,56.0,1.0,14.0
19.0,15.0,2.0,34.0
63.0,43.0,43.0,53.0
34.0,86.0,85.0,89.0
46.0,78.0,7.0,52.0
83.0,84.0,78.0,38.0
76.0,48.0,98.0,43.0
49.0,33.0,59.0,96.0
17.0,36.0,72.0,1.0
25.0,97.0,51.0,99.0
25.0,53.0,98.0,8.0
47.0,35.0,35.0,80.0
7.0,72.0,89.0,31.0
37.0,27.0,99.0,46.0
88.0,5.0,5.0,94.0
86.0,19.0,10.0,25.0
77.0,19.0,70.0,92.0
63.0,93.0,71.0,34.0
57.0,56.0,20.0,44.0
63.0,1.0,2.0,79.0
28.0,78.0,69.0,53.0
82.0,51.0,87.0,80.0
68.0,89.0,98.0,11.0
75.0,30.0,73.0,81.0
88.0,97.0,77.0,11.0
21.0,0.0,37.0,59.0
17.0,27.0,98.0,68.0
99.0,77.0,25.0,51.0
62.0,92.0,65.0,41.0
61.0,61.0,60.0,70.0
11.0,90.0,62.0,94.0
15.0,60.0,31.0,7.0
84.0,97.0,68.0,13.0
55.0,43.0,12.0,13.0
8.0,73.0,81.0,54.0
25.0,11.0,82.0,86.0
13.0,2.0,37.0,46.0
27.0,74.0,92.0,65.0
30.0,80.0,81.0,9.0
88.0,5.0,7.0,28.0
51.0,81.0,69.0,88.0
21.0,28.0,39.0,99.0
27.0,17.0,10.0,31.0
80.0,78.0,36.0,23.0
"eeg0","eeg1","eeg2","eeg3"
54.0,93.0,34.0,81.0
11.0,43.0,37.0,54.0
61.0,34.0,88.0,36.0
74.0,88.0,33.0,39.0
98.0,88.0,21.0,23.0
30.0,32.0,2.0,3.0
79.0,50.0,50.0,74.0
57.0,49.0,73.0,64.0
52.0,45.0,78.0,79.0
38.0,11.0,85.0,53.0
9.0,34.0,0.0,34.0
63.0,27.0,65.0,78.0
58.0,23.0,19.0,20.0
98.0,97.0,13.0,87.0
31.0,95.0,67.0,37.0
94.0,74.0,85.0,10.0
5.0,28.0,26.0,23.0
44.0,68.0,71.0,90.0
77.0,13.0,57.0,91.0
8.0,37.0,60.0,37.0
56.0,17.0,66.0,97.0
58.0,26.0,18.0,10.0
64.0,81.0,80.0,27.0
66.0,57.0,6.0,13.0
50.0,63.0,66.0,20.0
46.0,40.0,98.0,44.0
82.0,59.0,31.0,95.0
70.0,13.0,47.0,57.0
8.0,84.0,73.0,50.0
27.0,93.0,77.0,39.0
91.0,66.0,88.0,38.0
29.0,83.0,89.0,71.0
51.0,20.0,82.0,54.0
26.0,5.0,97.0,17.0
42.0,20.0,61.0,35.0
87.0,87.0,35.0,19.0
83.0,99.0,76.0,32.0
88.0,27.0,72.0,22.0
1.0,35.0,75.0,72.0
83.0,4.0,41.0,50.0
39.0,42.0,12.0,74.0
3.0,12.0,85.0,98.0
87.0,29.0,58.0,76.0
86.0,86.0,47.0,58.0
75.0,37.0,5.0,83.0
63.0,10.0,61.0,95.0
19.0,7.0,82.0,41.0
92.0,85.0,94.0,39.0
3.0,81.0,53.0,38.0
55.0,81.0,94.0,75.0
34.0,52.0,98.0,53.0
90.0,35.0,23.0,38.0
21.0,24.0,56.0,54.0
100.0,61.0,93.0,69.0
12.0,65.0,93.0,24.0
19.0,51.0,53.0,52.0
43.0,46.0,15.0,20.0
22.0,45.0,57.0,64.0
80.0,30.0,81.0,80.0
82.0,40.0,69.0,95.0
57.0,34.0,59.0,77.0
77.0,53.0,0.0,54.0
88.0,36.0,51.0,79.0
58.0,69.0,97.0,40.0
100.0,9.0,66.0,26.0
77.0,32.0,23.0,57.0
71.0,83.0,20.0,75.0
6.0,72.0,71.0,40.0
72.0,81.0,83.0,62.0
50.0,100.0,21.0,8.0
89.0,49.0,60.0,79.0
67.0,62.0,94.0,82.0
51.0,89.0,55.0,73.0
82.0,47.0,47.0,61.0
66.0,88.0,54.0,97.0
52.0,49.0,33.0,99.0
28.0,58.0,47.0,14.0
43.0,2.0,27.0,28.0
25.0,92.0,13.0,86.0
40.0,12.0,41.0,46.0
63.0,97.0,38.0,95.0
4.0,48.0,55.0,50.0
99.0,83.0,9.0,3.0
49.0,73.0,36.0,64.0
80.0,59.0,73.0,70.0
72.0,9.0,57.0,12.0
45.0,50.0,57.0,30.0
40.0,26.0,71.0,55.0
87.0,36.0,70.0,27.0
23.0,31.0,30.0,39.0
70.0,29.0,24.0,61.0
83.0,58.0,31.0,74.0
66.0,66.0,70.0,39.0
89.0,20.0,23.0,76.0
59.0,88.0,17.0,30.0
36.0,51.0,39.0,62.0
79.0,10.0,41.0,32.0
60.0,94.0,25.0,60.0
99.0,70.0,40.0,17.0
1.0,9.0,57.0,60.0
8.0,4.0,53.0,12.0
45.0,23.0,59.0,60.0
86.0,87.0,51.0,8.0
37.0,77.0,23.0,44.0
40.0,46.0,0.0,64.0
85.0,32.0,68.0,34.0
76.0,24.0,15.0,87.0
88.0,47.0,79.0,24.0
85.0,82.0,94.0,25.0
24.0,41.0,32.0,52.0
80.0,18.0,17.0,4.0
68.0,88.0,53.0,55.0
95.0,35.0,82.0,53.0
48.0,9.0,29.0,3.0
24.0,34.0,18.0,70.0
91.0,97.0,30.0,76.0
72.0,35.0,55.0,31.0
34.0,34.0,68.0,92.0
8.0,29.0,45.0,80.0
85.0,12.0,59.0,45.0
94.0,25.0,61.0,81.0
8.0,8.0,71.0,92.0
22.0,68.0,59.0,0.0
18.0,26.0,2.0,25.0
1.0,100.0,66.0,44.0
89.0,39.0,19.0,40.0
6.0,5.0,58.0,49.0
85.0,55.0,84.0,10.0
72.0,79.0,27.0,3.0
100.0,14.0,22.0,32.0
39.0,91.0,43.0,12.0
33.0,41.0,58.0,10.0
55.0,18.0,88.0,22.0
90.0,28.0,11.0,7.0
80.0,95.0,7.0,38.0
96.0,11.0,99.0,0.0
37.0,53.0,71.0,69.0
8.0,91.0,52.0,15.0
52.0,78.0,6.0,40.0
40.0,98.0,62.0,11.0
26.0,19.0,60.0,45.0
46.0,83.0,93.0,47.0
65.0,54.0,65.0,92.0
20.0,32.0,18.0,100.0
95.0,40.0,55.0,47.0
39.0,64.0,10.0,64.0
90.0,59.0,88.0,33.0
36.0,45.0,84.0,7.0
76.0,96.0,68.0,83.0
18.0,59.0,3.0,21.0
16.0,62.0,75.0,47.0
72.0,0.0,58.0,5.0
83.0,23.0,76.0,66.0
23.0,10.0,72.0,71.0
48.0,21.0,37.0,79.0
89.0,1.0,2.0,29.0
66.0,90.0,88.0,75.0
15.0,74.0,12.0,15.0
60.0,75.0,8.0,69.0
56.0,93.0,31.0,10.0
31.0,54.0,70.0,75.0
62.0,80.0,53.0,59.0
10.0,40.0,17.0,75.0
21.0,37.0,19.0,12.0
74.0,2.0,52.0,68.0
54.0,76.0,69.0,23.0
76.0,34.0,4.0,31.0
17.0,58.0,20.0,36.0
11.0,99.0,67.0,53.0
13.0,30.0,1.0,32.0
66.0,51.0,46.0,61.0
26.0,89.0,81.0,52.0
17.0,26.0,47.0,68.0
17.0,36.0,54.0,47.0
62.0,31.0,57.0,66.0
69.0,24.0,12.0,100.0
79.0,60.0,29.0,19.0
42.0,40.0,57.0,55.0
3.0,30.0,58.0,12.0
25.0,6.0,89.0,59.0
8.0,55.0,6.0,28.0
0.0,27.0,65.0,6.0
75.0,20.0,97.0,79.0
51.0,5.0,29.0,64.0
88.0,18.0,21.0,96.0
92.0,73.0,89.0,68.0
68.0,26.0,38.0,96.0
1.0,30.0,39.0,55.0
0.0,40.0,88.0,5.0
86.0,87.0,7.0,78.0
28.0,33.0,63.0,41.0
60.0,97.0,34.0,51.0
72.0,65.0,26.0,58.0
15.0,98.0,75.0,95.0
80.0,66.0,8.0,0.0
6.0,63.0,96.0,46.0
64.0,28.0,93.0,10.0
21.0,18.0,38.0,22.0
24.0,70.0,24.0,86.0
23.0,63.0,93.0,5.0
60.0,5.0,33.0,23.0
2.0,80.0,98.0,75.0
4.0,46.0,35.0,43.0
81.0,63.0,83.0,4.0
70.0,38.0,77.0,40.0
55.0,6.0,33.0,47.0
64.0,58.0,51.0,96.0
86.0,13.0,88.0,89.0
57.0,13.0,47.0,16.0
75.0,93.0,54.0,97.0
92.0,12.0,96.0,9.0
27.0,71.0,42.0,67.0
61.0,2.0,62.0,57.0
48.0,33.0,11.0,62.0
83.0,61.0,22.0,45.0
23.0,14.0,80.0,56.0
97.0,43.0,85.0,3.0
9.0,49.0,38.0,66.0
33.0,1.0,76.0,25.0
67.0,29.0,21.0,80.0
90.0,87.0,18.0,22.0
22.0,100.0,3.0,22.0
45.0,29.0,24.0,33.0
79.0,57.0,39.0,73.0
29.0,33.0,82.0,13.0
66.0,1.0,64.0,21.0
28.0,55.0,91.0,74.0
80.0,82.0,79.0,89.0
26.0,22.0,27.0,13.0
61.0,63.0,95.0,17.0
93.0,57.0,41.0,24.0
68.0,50.0,95.0,36.0
21.0,6.0,36.0,54.0
67.0,39.0,64.0,50.0
50.0,35.0,31.0,30.0
71.0,80.0,94.0,80.0
53.0,35.0,24.0,77.0
47.0,85.0,94.0,93.0
89.0,80.0,39.0,95.0
48.0,75.0,71.0,82.0
98.0,76.0,24.0,82.0
7.0,14.0,27.0,25.0
83.0,59.0,85.0,7.0
91.0,81.0,28.0,88.0
14.0,52.0,13.0,26.0
30.0,12.0,76.0,21.0
32.0,89.0,41.0,53.0
27.0,70.0,71.0,22.0
63.0,41.0,29.0,33.0
45.0,89.0,26.0,4.0
64.0,0.0,8.0,43.0
59.0,9.0,77.0,22.0
22.0,87.0,71.0,83.0
14.0,99.0,44.0,40.0
79.0,88.0,74.0,85.0
67.0,58.0,33.0,21.0
58.0,33.0,81.0,80.0
10.0,93.0,53.0,72.0
41.0,88.0,94.0,30.0
5.0,49.0,20.0,0.0
77.0,35.0,16.0,2.0
92.0,38.0,49.0,38.0
75.0,82.0,98.0,14.0
68.0,65.0,57.0,88.0
88.0,68.0,13.0,22.0
74.0,69.0,94.0,34.0
97.0,33.0,26.0,36.0
29.0,57.0,70.0,22.0
46.0,2.0,90.0,72.0
12.0,20.0,7.0,71.0
2.0,68.0,84.0,18.0
92.0,83.0,58.0,77.0
46.0,14.0,71.0,90.0
35.0,86.0,97.0,26.0
25.0,21.0,62.0,63.0
15.0,35.0,20.0,67.0
99.0,42.0,99.0,6.0
55.0,58.0,10.0,47.0
50.0,12.0,67.0,54.0
73.0,25.0,82.0,21.0
47.0,30.0,0.0,62.0
34.0,40.0,91.0,34.0
43.0,54.0,11.0,56.0
38.0,74.0,13.0,87.0
7.0,18.0,74.0,31.0
89.0,20.0,19.0,82.0
85.0,15.0,74.0,23.0
12.0,18.0,91.0,77.0
97.0,6.0,63.0,59.0
24.0,43.0,66.0,8.0
95.0,64.0,49.0,13.0
74.0,25.0,78.0,96.0
82.0,11.0,56.0,43.0
30.0,13.0,85.0,26.0
19.0,57.0,40.0,8.0
7.0,5.0,58.0,73.0
37.0,55.0,60.0,32.0
89.0,1.0,48.0,59.0
4.0,43.0,93.0,79.0
43.0,43.0,60.0,1.0
76.0,9.0,13.0,47.0
15.0,2.0,7.0,94.0
31.0,4.0,49.0,10.0
9.0,83.0,13.0,10.0
48.0,34.0,97.0,79.0
33.0,17.0,68.0,44.0
63.0,43.0,19.0,46.0
4.0,11.0,52.0,4.0
49.0,17.0,29.0,47.0
28.0,12.0,56.0,24.0
60.0,73.0,32.0,54.0
80.0,47.0,88.0,92.0
76.0,82.0,63.0,45.0
88.0,61.0,4.0,3.0
65.0,31.0,78.0,6.0
74.0,11.0,43.0,86.0
31.0,77.0,31.0,97.0
70.0,42.0,42.0,47.0
62.0,47.0,55.0,97.0
71.0,81.0,41.0,95.0
12.0,25.0,78.0,35.0
95.0,48.0,43.0,51.0
95.0,55.0,0.0,95.0
20.0,88.0,64.0,73.0
51.0,61.0,74.0,8.0
58.0,23.0,79.0,31.0
94.0,50.0,64.0,74.0
78.0,94.0,2.0,37.0
70.0,5.0,96.0,2.0
45.0,93.0,97.0,36.0
26.0,11.0,63.0,34.0
49.0,53.0,20.0,57.0
92.0,85.0,1.0,38.0
66.0,74.0,80.0,97.0
6.0,22.0,89.0,90.0
37.0,14.0,51.0,6.0
23.0,84.0,34.0,92.0
99.0,4.0,59.0,75.0
78.0,88.0,45.0,99.0
84.0,32.0,34.0,41.0
